game_id,season,game_type,week,gameday,weekday,gametime,away_team,away_score,home_team,home_score,location,result,total,spread_line,roof,surface,temp,wind,stadium_id,stadium
2025_01_DAL_PHI,2025,REG,1,2025-09-04,Thursday,20:20,DAL,20.0,PHI,24.0,Home,4.0,44.0,8.5,outdoors,grass,75.0,11.0,PHI00,Lincoln Financial Field
2025_01_KC_LAC,2025,REG,1,2025-09-05,Friday,20:00,KC,21.0,LAC,27.0,Neutral,6.0,48.0,-3.0,dome,,,,LAX01,SoFi Stadium
2025_01_TB_ATL,2025,REG,1,2025-09-07,Sunday,13:00,TB,23.0,ATL,20.0,Home,-3.0,43.0,-1.5,closed,fieldturf,,,ATL97,Mercedes-Benz Stadium
2025_01_CIN_CLE,2025,REG,1,2025-09-07,Sunday,13:00,CIN,17.0,CLE,16.0,Home,-1.0,33.0,-5.5,outdoors,grass,63.0,10.0,CLE00,FirstEnergy Stadium
2025_01_MIA_IND,2025,REG,1,2025-09-07,Sunday,13:00,MIA,8.0,IND,33.0,Home,25.0,41.0,1.5,closed,fieldturf,,,IND00,Lucas Oil Stadium
2025_01_CAR_JAX,2025,REG,1,2025-09-07,Sunday,13:00,CAR,10.0,JAX,26.0,Home,16.0,36.0,4.5,outdoors,grass,85.0,3.0,JAX00,TIAA Bank Stadium
2025_01_LV_NE,2025,REG,1,2025-09-07,Sunday,13:00,LV,20.0,NE,13.0,Home,-7.0,33.0,2.5,outdoors,fieldturf,62.0,4.0,BOS00,Gillette Stadium
2025_01_ARI_NO,2025,REG,1,2025-09-07,Sunday,13:00,ARI,20.0,NO,13.0,Home,-7.0,33.0,-6.0,dome,sportturf,,,NOR00,Mercedes-Benz Superdome
2025_01_PIT_NYJ,2025,REG,1,2025-09-07,Sunday,13:00,PIT,34.0,NYJ,32.0,Home,-2.0,66.0,-3.0,outdoors,fieldturf,67.0,3.0,NYC01,MetLife Stadium
2025_01_NYG_WAS,2025,REG,1,2025-09-07,Sunday,13:00,NYG,6.0,WAS,21.0,Home,15.0,27.0,6.0,outdoors,grass,68.0,5.0,WAS00,FedExField
2025_01_TEN_DEN,2025,REG,1,2025-09-07,Sunday,16:05,TEN,12.0,DEN,20.0,Home,8.0,32.0,8.5,outdoors,grass,84.0,6.0,DEN00,Empower Field at Mile High
2025_01_SF_SEA,2025,REG,1,2025-09-07,Sunday,16:05,SF,17.0,SEA,13.0,Home,-4.0,30.0,-2.5,outdoors,fieldturf,67.0,6.0,SEA00,Lumen Field
2025_01_DET_GB,2025,REG,1,2025-09-07,Sunday,16:25,DET,13.0,GB,27.0,Home,14.0,40.0,1.5,outdoors,grass,60.0,5.0,GNB00,Lambeau Field
2025_01_HOU_LA,2025,REG,1,2025-09-07,Sunday,16:25,HOU,9.0,LA,14.0,Home,5.0,23.0,3.5,dome,matrixturf,,,LAX01,SoFi Stadium
2025_01_BAL_BUF,2025,REG,1,2025-09-07,Sunday,20:20,BAL,40.0,BUF,41.0,Home,1.0,81.0,-1.5,outdoors,a_turf,58.0,8.0,BUF00,New Era Field
2025_01_MIN_CHI,2025,REG,1,2025-09-08,Monday,20:15,MIN,27.0,CHI,24.0,Home,-3.0,51.0,-1.5,outdoors,grass,68.0,6.0,CHI98,Soldier Field
2025_02_WAS_GB,2025,REG,2,2025-09-11,Thursday,20:15,WAS,18.0,GB,27.0,Home,9.0,45.0,3.5,outdoors,grass,65.0,7.0,GNB00,Lambeau Field
2025_02_CLE_BAL,2025,REG,2,2025-09-14,Sunday,13:00,CLE,17.0,BAL,41.0,Home,24.0,58.0,12.5,outdoors,grass,82.0,3.0,BAL00,M&T Bank Stadium
2025_02_JAX_CIN,2025,REG,2,2025-09-14,Sunday,13:00,JAX,27.0,CIN,31.0,Home,4.0,58.0,3.5,outdoors,fieldturf,85.0,3.0,CIN00,Paycor Stadium
2025_02_NYG_DAL,2025,REG,2,2025-09-14,Sunday,13:00,NYG,37.0,DAL,40.0,Home,3.0,77.0,4.5,closed,matrixturf,,,DAL00,AT&T Stadium
2025_02_CHI_DET,2025,REG,2,2025-09-14,Sunday,13:00,CHI,21.0,DET,52.0,Home,31.0,73.0,6.0,dome,fieldturf,,,DET00,Ford Field
2025_02_NE_MIA,2025,REG,2,2025-09-14,Sunday,13:00,NE,33.0,MIA,27.0,Home,-6.0,60.0,1.5,outdoors,grass,89.0,4.0,MIA00,Hard Rock Stadium
2025_02_SF_NO,2025,REG,2,2025-09-14,Sunday,13:00,SF,26.0,NO,21.0,Home,-5.0,47.0,-3.0,dome,sportturf,,,NOR00,Mercedes-Benz Superdome
2025_02_BUF_NYJ,2025,REG,2,2025-09-14,Sunday,13:00,BUF,30.0,NYJ,10.0,Home,-20.0,40.0,-6.0,outdoors,fieldturf,80.0,3.0,NYC01,MetLife Stadium
2025_02_SEA_PIT,2025,REG,2,2025-09-14,Sunday,13:00,SEA,31.0,PIT,17.0,Home,-14.0,48.0,3.5,outdoors,grass,79.0,5.0,PIT00,Acrisure Stadium
2025_02_LA_TEN,2025,REG,2,2025-09-14,Sunday,13:00,LA,33.0,TEN,19.0,Home,-14.0,52.0,-5.5,outdoors,grass,83.0,3.0,NAS00,Nissan Stadium
2025_02_CAR_ARI,2025,REG,2,2025-09-14,Sunday,16:05,CAR,22.0,ARI,27.0,Home,5.0,49.0,7.0,closed,grass,,,PHO00,State Farm Stadium
2025_02_DEN_IND,2025,REG,2,2025-09-14,Sunday,16:05,DEN,28.0,IND,29.0,Home,1.0,57.0,-2.5,closed,fieldturf,,,IND00,Lucas Oil Stadium
2025_02_PHI_KC,2025,REG,2,2025-09-14,Sunday,16:25,PHI,20.0,KC,17.0,Home,-3.0,37.0,-1.5,outdoors,grass,88.0,12.0,KAN00,GEHA Field at Arrowhead Stadium
2025_02_ATL_MIN,2025,REG,2,2025-09-14,Sunday,20:20,ATL,22.0,MIN,6.0,Home,-16.0,28.0,3.5,dome,sportturf,,,MIN01,U.S. Bank Stadium
2025_02_TB_HOU,2025,REG,2,2025-09-15,Monday,19:00,TB,20.0,HOU,19.0,Home,-1.0,39.0,2.5,closed,astroturf,,,HOU00,NRG Stadium
2025_02_LAC_LV,2025,REG,2,2025-09-15,Monday,22:00,LAC,20.0,LV,9.0,Home,-11.0,29.0,-3.5,dome,grass,,,VEG00,Allegiant Stadium
2025_03_MIA_BUF,2025,REG,3,2025-09-18,Thursday,20:15,MIA,21.0,BUF,31.0,Home,10.0,52.0,12.5,outdoors,a_turf,68.0,7.0,BUF00,New Era Field
2025_03_ATL_CAR,2025,REG,3,2025-09-21,Sunday,13:00,ATL,0.0,CAR,30.0,Home,30.0,30.0,-5.5,outdoors,grass,83.0,5.0,CAR00,Bank of America Stadium
2025_03_GB_CLE,2025,REG,3,2025-09-21,Sunday,13:00,GB,10.0,CLE,13.0,Home,3.0,23.0,-8.5,outdoors,grass,79.0,10.0,CLE00,FirstEnergy Stadium
2025_03_HOU_JAX,2025,REG,3,2025-09-21,Sunday,13:00,HOU,10.0,JAX,17.0,Home,7.0,27.0,1.5,outdoors,grass,85.0,11.0,JAX00,TIAA Bank Stadium
2025_03_CIN_MIN,2025,REG,3,2025-09-21,Sunday,13:00,CIN,10.0,MIN,48.0,Home,38.0,58.0,3.0,dome,sportturf,,,MIN01,U.S. Bank Stadium
2025_03_PIT_NE,2025,REG,3,2025-09-21,Sunday,13:00,PIT,21.0,NE,14.0,Home,-7.0,35.0,-1.5,outdoors,fieldturf,66.0,5.0,BOS00,Gillette Stadium
2025_03_LA_PHI,2025,REG,3,2025-09-21,Sunday,13:00,LA,26.0,PHI,33.0,Home,7.0,59.0,3.5,outdoors,grass,73.0,9.0,PHI00,Lincoln Financial Field
2025_03_NYJ_TB,2025,REG,3,2025-09-21,Sunday,13:00,NYJ,27.0,TB,29.0,Home,2.0,56.0,6.5,outdoors,grass,88.0,5.0,TAM00,Raymond James Stadium
2025_03_IND_TEN,2025,REG,3,2025-09-21,Sunday,13:00,IND,41.0,TEN,20.0,Home,-21.0,61.0,-6.0,outdoors,grass,84.0,8.0,NAS00,Nissan Stadium
2025_03_LV_WAS,2025,REG,3,2025-09-21,Sunday,13:00,LV,24.0,WAS,41.0,Home,17.0,65.0,2.5,outdoors,grass,72.0,6.0,WAS00,FedExField
2025_03_DEN_LAC,2025,REG,3,2025-09-21,Sunday,16:05,DEN,20.0,LAC,23.0,Home,3.0,43.0,2.5,dome,matrixturf,,,LAX01,SoFi Stadium
2025_03_NO_SEA,2025,REG,3,2025-09-21,Sunday,16:05,NO,13.0,SEA,44.0,Home,31.0,57.0,7.5,outdoors,fieldturf,63.0,3.0,SEA00,Lumen Field
2025_03_DAL_CHI,2025,REG,3,2025-09-21,Sunday,16:25,DAL,14.0,CHI,31.0,Home,17.0,45.0,-1.5,outdoors,grass,82.0,4.0,CHI98,Soldier Field
2025_03_ARI_SF,2025,REG,3,2025-09-21,Sunday,16:25,ARI,15.0,SF,16.0,Home,1.0,31.0,1.5,outdoors,grass,72.0,7.0,SFO01,Levi's Stadium
2025_03_KC_NYG,2025,REG,3,2025-09-21,Sunday,20:20,KC,22.0,NYG,9.0,Home,-13.0,31.0,-6.0,outdoors,fieldturf,65.0,5.0,NYC01,MetLife Stadium
2025_03_DET_BAL,2025,REG,3,2025-09-22,Monday,20:15,DET,38.0,BAL,30.0,Home,-8.0,68.0,4.5,outdoors,grass,74.0,7.0,BAL00,M&T Bank Stadium
2025_04_SEA_ARI,2025,REG,4,2025-09-25,Thursday,20:15,SEA,23.0,ARI,20.0,Home,-3.0,43.0,-1.5,closed,grass,,,PHO00,State Farm Stadium
2025_04_MIN_PIT,2025,REG,4,2025-09-28,Sunday,09:30,MIN,21.0,PIT,24.0,Neutral,3.0,45.0,-2.5,outdoors,grass,61.0,5.0,PIT00,Acrisure Stadium
2025_04_WAS_ATL,2025,REG,4,2025-09-28,Sunday,13:00,WAS,27.0,ATL,34.0,Home,7.0,61.0,2.5,closed,fieldturf,,,ATL97,Mercedes-Benz Stadium
2025_04_NO_BUF,2025,REG,4,2025-09-28,Sunday,13:00,NO,19.0,BUF,31.0,Home,12.0,50.0,15.5,outdoors,a_turf,73.0,7.0,BUF00,New Era Field
2025_04_CLE_DET,2025,REG,4,2025-09-28,Sunday,13:00,CLE,10.0,DET,34.0,Home,24.0,44.0,10.0,dome,fieldturf,,,DET00,Ford Field
2025_04_TEN_HOU,2025,REG,4,2025-09-28,Sunday,13:00,TEN,0.0,HOU,26.0,Home,26.0,26.0,7.5,closed,astroturf,,,HOU00,NRG Stadium
2025_04_CAR_NE,2025,REG,4,2025-09-28,Sunday,13:00,CAR,13.0,NE,42.0,Home,29.0,55.0,5.5,outdoors,fieldturf,76.0,7.0,BOS00,Gillette Stadium
2025_04_LAC_NYG,2025,REG,4,2025-09-28,Sunday,13:00,LAC,18.0,NYG,21.0,Home,3.0,39.0,-6.0,outdoors,fieldturf,81.0,4.0,NYC01,MetLife Stadium
2025_04_PHI_TB,2025,REG,4,2025-09-28,Sunday,13:00,PHI,31.0,TB,25.0,Home,-6.0,56.0,-3.5,outdoors,grass,88.0,6.0,TAM00,Raymond James Stadium
2025_04_IND_LA,2025,REG,4,2025-09-28,Sunday,16:05,IND,20.0,LA,27.0,Home,7.0,47.0,3.5,dome,matrixturf,,,LAX01,SoFi Stadium
2025_04_JAX_SF,2025,REG,4,2025-09-28,Sunday,16:05,JAX,26.0,SF,21.0,Home,-5.0,47.0,3.5,outdoors,grass,72.0,7.0,SFO01,Levi's Stadium
2025_04_BAL_KC,2025,REG,4,2025-09-28,Sunday,16:25,BAL,20.0,KC,37.0,Home,17.0,57.0,-2.5,outdoors,grass,89.0,10.0,KAN00,GEHA Field at Arrowhead Stadium
2025_04_CHI_LV,2025,REG,4,2025-09-28,Sunday,16:25,CHI,25.0,LV,24.0,Home,-1.0,49.0,1.5,dome,grass,,,VEG00,Allegiant Stadium
2025_04_GB_DAL,2025,REG,4,2025-09-28,Sunday,20:20,GB,40.0,DAL,40.0,Home,0.0,80.0,-7.0,closed,matrixturf,,,DAL00,AT&T Stadium
2025_04_NYJ_MIA,2025,REG,4,2025-09-29,Monday,19:15,NYJ,21.0,MIA,27.0,Home,6.0,48.0,2.5,outdoors,grass,88.0,17.0,MIA00,Hard Rock Stadium
2025_04_CIN_DEN,2025,REG,4,2025-09-29,Monday,20:15,CIN,3.0,DEN,28.0,Home,25.0,31.0,7.5,outdoors,grass,66.0,12.0,DEN00,Empower Field at Mile High
2025_05_SF_LA,2025,REG,5,2025-10-02,Thursday,20:15,SF,26.0,LA,23.0,Home,-3.0,49.0,8.5,dome,matrixturf,,,LAX01,SoFi Stadium
2025_05_MIN_CLE,2025,REG,5,2025-10-05,Sunday,09:30,MIN,21.0,CLE,17.0,Neutral,-4.0,38.0,-3.5,outdoors,grass,61.0,14.0,CLE00,FirstEnergy Stadium
2025_05_HOU_BAL,2025,REG,5,2025-10-05,Sunday,13:00,HOU,44.0,BAL,10.0,Home,-34.0,54.0,-2.5,outdoors,grass,78.0,2.0,BAL00,M&T Bank Stadium
2025_05_MIA_CAR,2025,REG,5,2025-10-05,Sunday,13:00,MIA,24.0,CAR,27.0,Home,3.0,51.0,-1.5,outdoors,grass,77.0,8.0,CAR00,Bank of America Stadium
2025_05_LV_IND,2025,REG,5,2025-10-05,Sunday,13:00,LV,6.0,IND,40.0,Home,34.0,46.0,7.0,closed,fieldturf,,,IND00,Lucas Oil Stadium
2025_05_NYG_NO,2025,REG,5,2025-10-05,Sunday,13:00,NYG,14.0,NO,26.0,Home,12.0,40.0,1.5,dome,sportturf,,,NOR00,Mercedes-Benz Superdome
2025_05_DAL_NYJ,2025,REG,5,2025-10-05,Sunday,13:00,DAL,37.0,NYJ,22.0,Home,-15.0,59.0,1.5,outdoors,fieldturf,82.0,3.0,NYC01,MetLife Stadium
2025_05_DEN_PHI,2025,REG,5,2025-10-05,Sunday,13:00,DEN,21.0,PHI,17.0,Home,-4.0,38.0,3.5,outdoors,grass,80.0,6.0,PHI00,Lincoln Financial Field
2025_05_TEN_ARI,2025,REG,5,2025-10-05,Sunday,16:05,TEN,22.0,ARI,21.0,Home,-1.0,43.0,7.5,closed,grass,,,PHO00,State Farm Stadium
2025_05_TB_SEA,2025,REG,5,2025-10-05,Sunday,16:05,TB,38.0,SEA,35.0,Home,-3.0,73.0,3.5,outdoors,fieldturf,61.0,8.0,SEA00,Lumen Field
2025_05_DET_CIN,2025,REG,5,2025-10-05,Sunday,16:25,DET,37.0,CIN,24.0,Home,-13.0,61.0,-10.5,outdoors,fieldturf,84.0,7.0,CIN00,Paycor Stadium
2025_05_WAS_LAC,2025,REG,5,2025-10-05,Sunday,16:25,WAS,27.0,LAC,10.0,Home,-17.0,37.0,2.5,dome,matrixturf,,,LAX01,SoFi Stadium
2025_05_NE_BUF,2025,REG,5,2025-10-05,Sunday,20:20,NE,23.0,BUF,20.0,Home,-3.0,43.0,7.5,outdoors,a_turf,66.0,3.0,BUF00,New Era Field
2025_05_KC_JAX,2025,REG,5,2025-10-06,Monday,20:15,KC,28.0,JAX,31.0,Home,3.0,59.0,-3.5,outdoors,grass,80.0,12.0,JAX00,TIAA Bank Stadium
2025_06_PHI_NYG,2025,REG,6,2025-10-09,Thursday,20:15,PHI,17.0,NYG,34.0,Home,17.0,51.0,-7.0,outdoors,fieldturf,53.0,3.0,NYC01,MetLife Stadium
2025_06_DEN_NYJ,2025,REG,6,2025-10-12,Sunday,09:30,DEN,13.0,NYJ,11.0,Neutral,-2.0,24.0,-7.5,outdoors,grass,59.0,6.0,NYC01,MetLife Stadium
2025_06_LA_BAL,2025,REG,6,2025-10-12,Sunday,13:00,LA,17.0,BAL,3.0,Home,-14.0,20.0,-7.0,outdoors,grass,64.0,15.0,BAL00,M&T Bank Stadium
2025_06_DAL_CAR,2025,REG,6,2025-10-12,Sunday,13:00,DAL,27.0,CAR,30.0,Home,3.0,57.0,-3.0,outdoors,grass,68.0,15.0,CAR00,Bank of America Stadium
2025_06_ARI_IND,2025,REG,6,2025-10-12,Sunday,13:00,ARI,27.0,IND,31.0,Home,4.0,58.0,8.5,closed,fieldturf,,,IND00,Lucas Oil Stadium
2025_06_SEA_JAX,2025,REG,6,2025-10-12,Sunday,13:00,SEA,20.0,JAX,12.0,Home,-8.0,32.0,-1.5,outdoors,grass,76.0,8.0,JAX00,TIAA Bank Stadium
2025_06_LAC_MIA,2025,REG,6,2025-10-12,Sunday,13:00,LAC,29.0,MIA,27.0,Home,-2.0,56.0,-3.5,outdoors,grass,85.0,4.0,MIA00,Hard Rock Stadium
2025_06_NE_NO,2025,REG,6,2025-10-12,Sunday,13:00,NE,25.0,NO,19.0,Home,-6.0,44.0,-3.5,dome,sportturf,,,NOR00,Mercedes-Benz Superdome
2025_06_CLE_PIT,2025,REG,6,2025-10-12,Sunday,13:00,CLE,9.0,PIT,23.0,Home,14.0,32.0,5.5,outdoors,grass,64.0,8.0,PIT00,Acrisure Stadium
2025_06_TEN_LV,2025,REG,6,2025-10-12,Sunday,16:05,TEN,10.0,LV,20.0,Home,10.0,30.0,3.5,dome,grass,,,VEG00,Allegiant Stadium
2025_06_CIN_GB,2025,REG,6,2025-10-12,Sunday,16:25,CIN,18.0,GB,27.0,Home,9.0,45.0,14.0,outdoors,grass,64.0,14.0,GNB00,Lambeau Field
2025_06_SF_TB,2025,REG,6,2025-10-12,Sunday,16:25,SF,19.0,TB,30.0,Home,11.0,49.0,3.5,outdoors,grass,82.0,10.0,TAM00,Raymond James Stadium
2025_06_DET_KC,2025,REG,6,2025-10-12,Sunday,20:20,DET,17.0,KC,30.0,Home,13.0,47.0,2.5,outdoors,grass,85.0,13.0,KAN00,GEHA Field at Arrowhead Stadium
2025_06_BUF_ATL,2025,REG,6,2025-10-13,Monday,19:15,BUF,14.0,ATL,24.0,Home,10.0,38.0,-3.5,closed,fieldturf,,,ATL97,Mercedes-Benz Stadium
2025_06_CHI_WAS,2025,REG,6,2025-10-13,Monday,20:15,CHI,25.0,WAS,24.0,Home,-1.0,49.0,5.5,outdoors,grass,59.0,12.0,WAS00,FedExField
2025_07_PIT_CIN,2025,REG,7,2025-10-16,Thursday,20:15,PIT,31.0,CIN,33.0,Home,2.0,64.0,-5.5,outdoors,fieldturf,60.0,5.0,CIN00,Paycor Stadium
2025_07_LA_JAX,2025,REG,7,2025-10-19,Sunday,09:30,LA,35.0,JAX,7.0,Neutral,-28.0,42.0,-3.0,outdoors,grass,59.0,9.0,JAX00,TIAA Bank Stadium
2025_07_NO_CHI,2025,REG,7,2025-10-19,Sunday,13:00,NO,14.0,CHI,26.0,Home,12.0,40.0,4.5,outdoors,grass,49.0,8.0,CHI98,Soldier Field
2025_07_MIA_CLE,2025,REG,7,2025-10-19,Sunday,13:00,MIA,6.0,CLE,31.0,Home,25.0,37.0,2.5,outdoors,grass,65.0,17.0,CLE00,FirstEnergy Stadium
2025_07_LV_KC,2025,REG,7,2025-10-19,Sunday,13:00,LV,0.0,KC,31.0,Home,31.0,31.0,13.5,outdoors,grass,57.0,9.0,KAN00,GEHA Field at Arrowhead Stadium
2025_07_PHI_MIN,2025,REG,7,2025-10-19,Sunday,13:00,PHI,28.0,MIN,22.0,Home,-6.0,50.0,-2.5,dome,sportturf,,,MIN01,U.S. Bank Stadium
2025_07_CAR_NYJ,2025,REG,7,2025-10-19,Sunday,13:00,CAR,13.0,NYJ,6.0,Home,-7.0,19.0,1.5,outdoors,fieldturf,71.0,13.0,NYC01,MetLife Stadium
2025_07_NE_TEN,2025,REG,7,2025-10-19,Sunday,13:00,NE,31.0,TEN,13.0,Home,-18.0,44.0,-6.5,outdoors,grass,60.0,18.0,NAS00,Nissan Stadium
2025_07_NYG_DEN,2025,REG,7,2025-10-19,Sunday,16:05,NYG,32.0,DEN,33.0,Home,1.0,65.0,7.5,outdoors,grass,72.0,3.0,DEN00,Empower Field at Mile High
2025_07_IND_LAC,2025,REG,7,2025-10-19,Sunday,16:05,IND,38.0,LAC,24.0,Home,-14.0,62.0,2.5,dome,matrixturf,,,LAX01,SoFi Stadium
2025_07_GB_ARI,2025,REG,7,2025-10-19,Sunday,16:25,GB,27.0,ARI,23.0,Home,-4.0,50.0,-7.0,closed,grass,,,PHO00,State Farm Stadium
2025_07_WAS_DAL,2025,REG,7,2025-10-19,Sunday,16:25,WAS,22.0,DAL,44.0,Home,22.0,66.0,1.5,closed,matrixturf,,,DAL00,AT&T Stadium
2025_07_ATL_SF,2025,REG,7,2025-10-19,Sunday,20:20,ATL,10.0,SF,20.0,Home,10.0,30.0,1.5,outdoors,grass,74.0,5.0,SFO01,Levi's Stadium
2025_07_TB_DET,2025,REG,7,2025-10-20,Monday,19:00,TB,9.0,DET,24.0,Home,15.0,33.0,6.0,dome,fieldturf,,,DET00,Ford Field
2025_07_HOU_SEA,2025,REG,7,2025-10-20,Monday,22:00,HOU,19.0,SEA,27.0,Home,8.0,46.0,3.0,outdoors,fieldturf,56.0,5.0,SEA00,Lumen Field
2025_08_MIN_LAC,2025,REG,8,2025-10-23,Thursday,20:15,MIN,10.0,LAC,37.0,Home,27.0,47.0,3.0,dome,matrixturf,,,LAX01,SoFi Stadium
2025_08_MIA_ATL,2025,REG,8,2025-10-26,Sunday,13:00,MIA,34.0,ATL,10.0,Home,-24.0,44.0,7.0,closed,fieldturf,,,ATL97,Mercedes-Benz Stadium
2025_08_CHI_BAL,2025,REG,8,2025-10-26,Sunday,13:00,CHI,16.0,BAL,30.0,Home,14.0,46.0,2.5,outdoors,grass,60.0,2.0,BAL00,M&T Bank Stadium
2025_08_BUF_CAR,2025,REG,8,2025-10-26,Sunday,13:00,BUF,40.0,CAR,9.0,Home,-31.0,49.0,-7.0,outdoors,grass,63.0,9.0,CAR00,Bank of America Stadium
2025_08_NYJ_CIN,2025,REG,8,2025-10-26,Sunday,13:00,NYJ,39.0,CIN,38.0,Home,-1.0,77.0,5.5,outdoors,fieldturf,57.0,8.0,CIN00,Paycor Stadium
2025_08_SF_HOU,2025,REG,8,2025-10-26,Sunday,13:00,SF,15.0,HOU,26.0,Home,11.0,41.0,2.5,closed,astroturf,,,HOU00,NRG Stadium
2025_08_CLE_NE,2025,REG,8,2025-10-26,Sunday,13:00,CLE,13.0,NE,32.0,Home,19.0,45.0,7.0,outdoors,fieldturf,53.0,7.0,BOS00,Gillette Stadium
2025_08_NYG_PHI,2025,REG,8,2025-10-26,Sunday,13:00,NYG,20.0,PHI,38.0,Home,18.0,58.0,7.0,outdoors,grass,60.0,4.0,PHI00,Lincoln Financial Field
2025_08_TB_NO,2025,REG,8,2025-10-26,Sunday,16:05,TB,23.0,NO,3.0,Home,-20.0,26.0,-4.5,dome,sportturf,,,NOR00,Mercedes-Benz Superdome
2025_08_DAL_DEN,2025,REG,8,2025-10-26,Sunday,16:25,DAL,24.0,DEN,44.0,Home,20.0,68.0,3.5,outdoors,grass,67.0,4.0,DEN00,Empower Field at Mile High
2025_08_TEN_IND,2025,REG,8,2025-10-26,Sunday,16:25,TEN,14.0,IND,38.0,Home,24.0,52.0,15.5,closed,fieldturf,,,IND00,Lucas Oil Stadium
2025_08_GB_PIT,2025,REG,8,2025-10-26,Sunday,20:20,GB,35.0,PIT,25.0,Home,-10.0,60.0,-3.0,outdoors,grass,46.0,5.0,PIT00,Acrisure Stadium
2025_08_WAS_KC,2025,REG,8,2025-10-27,Monday,20:15,WAS,7.0,KC,28.0,Home,21.0,35.0,10.5,outdoors,grass,54.0,8.0,KAN00,GEHA Field at Arrowhead Stadium
2025_09_BAL_MIA,2025,REG,9,2025-10-30,Thursday,20:15,BAL,28.0,MIA,6.0,Home,-22.0,34.0,-7.5,outdoors,grass,73.0,5.0,MIA00,Hard Rock Stadium
2025_09_CHI_CIN,2025,REG,9,2025-11-02,Sunday,13:00,CHI,47.0,CIN,42.0,Home,-5.0,89.0,-3.0,outdoors,fieldturf,50.0,6.0,CIN00,Paycor Stadium
2025_09_MIN_DET,2025,REG,9,2025-11-02,Sunday,13:00,MIN,27.0,DET,24.0,Home,-3.0,51.0,9.5,dome,fieldturf,,,DET00,Ford Field
2025_09_CAR_GB,2025,REG,9,2025-11-02,Sunday,13:00,CAR,16.0,GB,13.0,Home,-3.0,29.0,12.5,outdoors,grass,47.0,15.0,GNB00,Lambeau Field
2025_09_DEN_HOU,2025,REG,9,2025-11-02,Sunday,13:00,DEN,18.0,HOU,15.0,Home,-3.0,33.0,1.5,closed,astroturf,,,HOU00,NRG Stadium
2025_09_ATL_NE,2025,REG,9,2025-11-02,Sunday,13:00,ATL,23.0,NE,24.0,Home,1.0,47.0,5.5,outdoors,fieldturf,52.0,7.0,BOS00,Gillette Stadium
2025_09_SF_NYG,2025,REG,9,2025-11-02,Sunday,13:00,SF,34.0,NYG,24.0,Home,-10.0,58.0,-2.5,outdoors,fieldturf,56.0,5.0,NYC01,MetLife Stadium
2025_09_IND_PIT,2025,REG,9,2025-11-02,Sunday,13:00,IND,20.0,PIT,27.0,Home,7.0,47.0,-3.5,outdoors,grass,56.0,2.0,PIT00,Acrisure Stadium
2025_09_LAC_TEN,2025,REG,9,2025-11-02,Sunday,13:00,LAC,27.0,TEN,20.0,Home,-7.0,47.0,-10.0,outdoors,grass,46.0,5.0,NAS00,Nissan Stadium
2025_09_NO_LA,2025,REG,9,2025-11-02,Sunday,16:05,NO,10.0,LA,34.0,Home,24.0,44.0,14.0,dome,matrixturf,,,LAX01,SoFi Stadium
2025_09_JAX_LV,2025,REG,9,2025-11-02,Sunday,16:05,JAX,30.0,LV,29.0,Home,-1.0,59.0,-2.5,dome,grass,,,VEG00,Allegiant Stadium
2025_09_KC_BUF,2025,REG,9,2025-11-02,Sunday,16:25,KC,21.0,BUF,28.0,Home,7.0,49.0,-2.5,outdoors,a_turf,54.0,6.0,BUF00,New Era Field
2025_09_SEA_WAS,2025,REG,9,2025-11-02,Sunday,20:20,SEA,38.0,WAS,14.0,Home,-24.0,52.0,-2.5,outdoors,grass,53.0,3.0,WAS00,FedExField
2025_09_ARI_DAL,2025,REG,9,2025-11-03,Monday,20:15,ARI,27.0,DAL,17.0,Home,-10.0,44.0,3.5,closed,matrixturf,,,DAL00,AT&T Stadium
2025_10_LV_DEN,2025,REG,10,2025-11-06,Thursday,20:15,LV,7.0,DEN,10.0,Home,3.0,17.0,9.5,outdoors,grass,60.0,10.0,DEN00,Empower Field at Mile High
2025_10_ATL_IND,2025,REG,10,2025-11-09,Sunday,09:30,ATL,25.0,IND,31.0,Neutral,6.0,56.0,6.5,closed,grass,46.0,2.0,IND00,Lucas Oil Stadium
2025_10_NO_CAR,2025,REG,10,2025-11-09,Sunday,13:00,NO,17.0,CAR,7.0,Home,-10.0,24.0,5.5,outdoors,grass,73.0,15.0,CAR00,Bank of America Stadium
2025_10_NYG_CHI,2025,REG,10,2025-11-09,Sunday,13:00,NYG,20.0,CHI,24.0,Home,4.0,44.0,4.5,outdoors,grass,33.0,10.0,CHI98,Soldier Field
2025_10_JAX_HOU,2025,REG,10,2025-11-09,Sunday,13:00,JAX,29.0,HOU,36.0,Home,7.0,65.0,-1.5,closed,astroturf,,,HOU00,NRG Stadium
2025_10_BUF_MIA,2025,REG,10,2025-11-09,Sunday,13:00,BUF,13.0,MIA,30.0,Home,17.0,43.0,-8.5,outdoors,grass,84.0,6.0,MIA00,Hard Rock Stadium
2025_10_BAL_MIN,2025,REG,10,2025-11-09,Sunday,13:00,BAL,27.0,MIN,19.0,Home,-8.0,46.0,-4.5,dome,sportturf,,,MIN01,U.S. Bank Stadium
2025_10_CLE_NYJ,2025,REG,10,2025-11-09,Sunday,13:00,CLE,20.0,NYJ,27.0,Home,7.0,47.0,-1.5,outdoors,fieldturf,62.0,12.0,NYC01,MetLife Stadium
2025_10_NE_TB,2025,REG,10,2025-11-09,Sunday,13:00,NE,28.0,TB,23.0,Home,-5.0,51.0,2.5,outdoors,grass,82.0,11.0,TAM00,Raymond James Stadium
2025_10_ARI_SEA,2025,REG,10,2025-11-09,Sunday,16:05,ARI,22.0,SEA,44.0,Home,22.0,66.0,7.0,outdoors,fieldturf,59.0,5.0,SEA00,Lumen Field
2025_10_LA_SF,2025,REG,10,2025-11-09,Sunday,16:25,LA,42.0,SF,26.0,Home,-16.0,68.0,-5.5,outdoors,grass,77.0,3.0,SFO01,Levi's Stadium
2025_10_DET_WAS,2025,REG,10,2025-11-09,Sunday,16:25,DET,44.0,WAS,22.0,Home,-22.0,66.0,-8.5,outdoors,grass,64.0,9.0,WAS00,FedExField
2025_10_PIT_LAC,2025,REG,10,2025-11-09,Sunday,20:20,PIT,10.0,LAC,25.0,Home,15.0,35.0,3.0,dome,matrixturf,,,LAX01,SoFi Stadium
2025_10_PHI_GB,2025,REG,10,2025-11-10,Monday,20:15,PHI,10.0,GB,7.0,Home,-3.0,17.0,1.5,outdoors,grass,33.0,9.0,GNB00,Lambeau Field
2025_11_NYJ_NE,2025,REG,11,2025-11-13,Thursday,20:15,NYJ,,NE,,Home,,,13.5,outdoors,fieldturf,,,BOS00,Gillette Stadium
2025_11_WAS_MIA,2025,REG,11,2025-11-16,Sunday,09:30,WAS,,MIA,,Neutral,,,2.5,outdoors,grass,,,MIA00,Hard Rock Stadium
2025_11_CAR_ATL,2025,REG,11,2025-11-16,Sunday,13:00,CAR,,ATL,,Home,,,3.5,closed,fieldturf,,,ATL97,Mercedes-Benz Stadium
2025_11_TB_BUF,2025,REG,11,2025-11-16,Sunday,13:00,TB,,BUF,,Home,,,5.5,outdoors,a_turf,,,BUF00,New Era Field
2025_11_LAC_JAX,2025,REG,11,2025-11-16,Sunday,13:00,LAC,,JAX,,Home,,,-3.0,outdoors,grass,,,JAX00,TIAA Bank Stadium
2025_11_CHI_MIN,2025,REG,11,2025-11-16,Sunday,13:00,CHI,,MIN,,Home,,,3.0,dome,sportturf,,,MIN01,U.S. Bank Stadium
2025_11_GB_NYG,2025,REG,11,2025-11-16,Sunday,13:00,GB,,NYG,,Home,,,-7.0,outdoors,fieldturf,,,NYC01,MetLife Stadium
2025_11_CIN_PIT,2025,REG,11,2025-11-16,Sunday,13:00,CIN,,PIT,,Home,,,5.5,outdoors,grass,,,PIT00,Acrisure Stadium
2025_11_HOU_TEN,2025,REG,11,2025-11-16,Sunday,13:00,HOU,,TEN,,Home,,,-7.0,outdoors,grass,,,NAS00,Nissan Stadium
2025_11_SF_ARI,2025,REG,11,2025-11-16,Sunday,16:05,SF,,ARI,,Home,,,-2.5,closed,grass,,,PHO00,State Farm Stadium
2025_11_SEA_LA,2025,REG,11,2025-11-16,Sunday,16:05,SEA,,LA,,Home,,,2.5,dome,matrixturf,,,LAX01,SoFi Stadium
2025_11_BAL_CLE,2025,REG,11,2025-11-16,Sunday,16:25,BAL,,CLE,,Home,,,-7.5,outdoors,grass,,,CLE00,FirstEnergy Stadium
2025_11_KC_DEN,2025,REG,11,2025-11-16,Sunday,16:25,KC,,DEN,,Home,,,-3.5,outdoors,grass,,,DEN00,Empower Field at Mile High
2025_11_DET_PHI,2025,REG,11,2025-11-16,Sunday,20:20,DET,,PHI,,Home,,,2.5,outdoors,grass,,,PHI00,Lincoln Financial Field
2025_11_DAL_LV,2025,REG,11,2025-11-17,Monday,20:15,DAL,,LV,,Home,,,-3.5,dome,grass,,,VEG00,Allegiant Stadium
2025_12_BUF_HOU,2025,REG,12,2025-11-20,Thursday,20:15,BUF,,HOU,,Home,,,-2.5,closed,astroturf,,,HOU00,NRG Stadium
2025_12_NYJ_BAL,2025,REG,12,2025-11-23,Sunday,13:00,NYJ,,BAL,,Home,,,14.5,outdoors,grass,,,BAL00,M&T Bank Stadium
2025_12_PIT_CHI,2025,REG,12,2025-11-23,Sunday,13:00,PIT,,CHI,,Home,,,1.5,outdoors,grass,,,CHI98,Soldier Field
2025_12_NE_CIN,2025,REG,12,2025-11-23,Sunday,13:00,NE,,CIN,,Home,,,-5.5,outdoors,fieldturf,,,CIN00,Paycor Stadium
2025_12_NYG_DET,2025,REG,12,2025-11-23,Sunday,13:00,NYG,,DET,,Home,,,11.5,dome,fieldturf,,,DET00,Ford Field
2025_12_MIN_GB,2025,REG,12,2025-11-23,Sunday,13:00,MIN,,GB,,Home,,,6.5,outdoors,grass,,,GNB00,Lambeau Field
2025_12_IND_KC,2025,REG,12,2025-11-23,Sunday,13:00,IND,,KC,,Home,,,4.5,outdoors,grass,,,KAN00,GEHA Field at Arrowhead Stadium
2025_12_SEA_TEN,2025,REG,12,2025-11-23,Sunday,13:00,SEA,,TEN,,Home,,,-12.5,outdoors,grass,,,NAS00,Nissan Stadium
2025_12_JAX_ARI,2025,REG,12,2025-11-23,Sunday,16:05,JAX,,ARI,,Home,,,1.5,closed,grass,,,PHO00,State Farm Stadium
2025_12_CLE_LV,2025,REG,12,2025-11-23,Sunday,16:05,CLE,,LV,,Home,,,1.5,dome,grass,,,VEG00,Allegiant Stadium
2025_12_PHI_DAL,2025,REG,12,2025-11-23,Sunday,16:25,PHI,,DAL,,Home,,,-3.5,closed,matrixturf,,,DAL00,AT&T Stadium
2025_12_ATL_NO,2025,REG,12,2025-11-23,Sunday,16:25,ATL,,NO,,Home,,,-3.0,dome,sportturf,,,NOR00,Mercedes-Benz Superdome
2025_12_TB_LA,2025,REG,12,2025-11-23,Sunday,20:20,TB,,LA,,Home,,,6.0,dome,matrixturf,,,LAX01,SoFi Stadium
2025_12_CAR_SF,2025,REG,12,2025-11-24,Monday,20:15,CAR,,SF,,Home,,,7.0,outdoors,grass,,,SFO01,Levi's Stadium
2025_13_GB_DET,2025,REG,13,2025-11-27,Thursday,13:00,GB,,DET,,Home,,,,dome,fieldturf,,,DET00,Ford Field
2025_13_KC_DAL,2025,REG,13,2025-11-27,Thursday,16:30,KC,,DAL,,Home,,,,closed,matrixturf,,,DAL00,AT&T Stadium
2025_13_CIN_BAL,2025,REG,13,2025-11-27,Thursday,20:20,CIN,,BAL,,Home,,,,outdoors,grass,,,BAL00,M&T Bank Stadium
2025_13_CHI_PHI,2025,REG,13,2025-11-28,Friday,15:00,CHI,,PHI,,Home,,,,outdoors,grass,,,PHI00,Lincoln Financial Field
2025_13_LA_CAR,2025,REG,13,2025-11-30,Sunday,13:00,LA,,CAR,,Home,,,,outdoors,grass,,,CAR00,Bank of America Stadium
2025_13_SF_CLE,2025,REG,13,2025-11-30,Sunday,13:00,SF,,CLE,,Home,,,,outdoors,grass,,,CLE00,FirstEnergy Stadium
2025_13_HOU_IND,2025,REG,13,2025-11-30,Sunday,13:00,HOU,,IND,,Home,,,,closed,fieldturf,,,IND00,Lucas Oil Stadium
2025_13_NO_MIA,2025,REG,13,2025-11-30,Sunday,13:00,NO,,MIA,,Home,,,,outdoors,grass,,,MIA00,Hard Rock Stadium
2025_13_ATL_NYJ,2025,REG,13,2025-11-30,Sunday,13:00,ATL,,NYJ,,Home,,,,outdoors,fieldturf,,,NYC01,MetLife Stadium
2025_13_ARI_TB,2025,REG,13,2025-11-30,Sunday,13:00,ARI,,TB,,Home,,,,outdoors,grass,,,TAM00,Raymond James Stadium
2025_13_JAX_TEN,2025,REG,13,2025-11-30,Sunday,13:00,JAX,,TEN,,Home,,,,outdoors,grass,,,NAS00,Nissan Stadium
2025_13_MIN_SEA,2025,REG,13,2025-11-30,Sunday,16:05,MIN,,SEA,,Home,,,,outdoors,fieldturf,,,SEA00,Lumen Field
2025_13_LV_LAC,2025,REG,13,2025-11-30,Sunday,16:25,LV,,LAC,,Home,,,,dome,matrixturf,,,LAX01,SoFi Stadium
2025_13_BUF_PIT,2025,REG,13,2025-11-30,Sunday,16:25,BUF,,PIT,,Home,,,,outdoors,grass,,,PIT00,Acrisure Stadium
2025_13_DEN_WAS,2025,REG,13,2025-11-30,Sunday,20:20,DEN,,WAS,,Home,,,,outdoors,grass,,,WAS00,FedExField
2025_13_NYG_NE,2025,REG,13,2025-12-01,Monday,20:15,NYG,,NE,,Home,,,,outdoors,fieldturf,,,BOS00,Gillette Stadium
2025_14_DAL_DET,2025,REG,14,2025-12-04,Thursday,20:15,DAL,,DET,,Home,,,,dome,fieldturf,,,DET00,Ford Field
2025_14_SEA_ATL,2025,REG,14,2025-12-07,Sunday,13:00,SEA,,ATL,,Home,,,,closed,fieldturf,,,ATL97,Mercedes-Benz Stadium
2025_14_PIT_BAL,2025,REG,14,2025-12-07,Sunday,13:00,PIT,,BAL,,Home,,,,outdoors,grass,,,BAL00,M&T Bank Stadium
2025_14_TEN_CLE,2025,REG,14,2025-12-07,Sunday,13:00,TEN,,CLE,,Home,,,,outdoors,grass,,,CLE00,FirstEnergy Stadium
2025_14_CHI_GB,2025,REG,14,2025-12-07,Sunday,13:00,CHI,,GB,,Home,,,,outdoors,grass,,,GNB00,Lambeau Field
2025_14_IND_JAX,2025,REG,14,2025-12-07,Sunday,13:00,IND,,JAX,,Home,,,,outdoors,grass,,,JAX00,TIAA Bank Stadium
2025_14_WAS_MIN,2025,REG,14,2025-12-07,Sunday,13:00,WAS,,MIN,,Home,,,,dome,sportturf,,,MIN01,U.S. Bank Stadium
2025_14_MIA_NYJ,2025,REG,14,2025-12-07,Sunday,13:00,MIA,,NYJ,,Home,,,,outdoors,fieldturf,,,NYC01,MetLife Stadium
2025_14_NO_TB,2025,REG,14,2025-12-07,Sunday,13:00,NO,,TB,,Home,,,,outdoors,grass,,,TAM00,Raymond James Stadium
2025_14_DEN_LV,2025,REG,14,2025-12-07,Sunday,16:05,DEN,,LV,,Home,,,,dome,grass,,,VEG00,Allegiant Stadium
2025_14_LA_ARI,2025,REG,14,2025-12-07,Sunday,16:25,LA,,ARI,,Home,,,,closed,grass,,,PHO00,State Farm Stadium
2025_14_CIN_BUF,2025,REG,14,2025-12-07,Sunday,16:25,CIN,,BUF,,Home,,,,outdoors,a_turf,,,BUF00,New Era Field
2025_14_HOU_KC,2025,REG,14,2025-12-07,Sunday,20:20,HOU,,KC,,Home,,,,outdoors,grass,,,KAN00,GEHA Field at Arrowhead Stadium
2025_14_PHI_LAC,2025,REG,14,2025-12-08,Monday,20:15,PHI,,LAC,,Home,,,,dome,matrixturf,,,LAX01,SoFi Stadium
2025_15_ATL_TB,2025,REG,15,2025-12-11,Thursday,20:15,ATL,,TB,,Home,,,,outdoors,grass,,,TAM00,Raymond James Stadium
2025_15_CLE_CHI,2025,REG,15,2025-12-14,Sunday,13:00,CLE,,CHI,,Home,,,,outdoors,grass,,,CHI98,Soldier Field
2025_15_BAL_CIN,2025,REG,15,2025-12-14,Sunday,13:00,BAL,,CIN,,Home,,,,outdoors,fieldturf,,,CIN00,Paycor Stadium
2025_15_ARI_HOU,2025,REG,15,2025-12-14,Sunday,13:00,ARI,,HOU,,Home,,,,closed,astroturf,,,HOU00,NRG Stadium
2025_15_NYJ_JAX,2025,REG,15,2025-12-14,Sunday,13:00,NYJ,,JAX,,Home,,,,outdoors,grass,,,JAX00,TIAA Bank Stadium
2025_15_LAC_KC,2025,REG,15,2025-12-14,Sunday,13:00,LAC,,KC,,Home,,,,outdoors,grass,,,KAN00,GEHA Field at Arrowhead Stadium
2025_15_BUF_NE,2025,REG,15,2025-12-14,Sunday,13:00,BUF,,NE,,Home,,,,outdoors,fieldturf,,,BOS00,Gillette Stadium
2025_15_WAS_NYG,2025,REG,15,2025-12-14,Sunday,13:00,WAS,,NYG,,Home,,,,outdoors,fieldturf,,,NYC01,MetLife Stadium
2025_15_LV_PHI,2025,REG,15,2025-12-14,Sunday,13:00,LV,,PHI,,Home,,,,outdoors,grass,,,PHI00,Lincoln Financial Field
2025_15_GB_DEN,2025,REG,15,2025-12-14,Sunday,16:25,GB,,DEN,,Home,,,,outdoors,grass,,,DEN00,Empower Field at Mile High
2025_15_DET_LA,2025,REG,15,2025-12-14,Sunday,16:25,DET,,LA,,Home,,,,dome,matrixturf,,,LAX01,SoFi Stadium
2025_15_CAR_NO,2025,REG,15,2025-12-14,Sunday,16:25,CAR,,NO,,Home,,,,dome,sportturf,,,NOR00,Mercedes-Benz Superdome
2025_15_IND_SEA,2025,REG,15,2025-12-14,Sunday,16:25,IND,,SEA,,Home,,,,outdoors,fieldturf,,,SEA00,Lumen Field
2025_15_TEN_SF,2025,REG,15,2025-12-14,Sunday,16:25,TEN,,SF,,Home,,,,outdoors,grass,,,SFO01,Levi's Stadium
2025_15_MIN_DAL,2025,REG,15,2025-12-14,Sunday,20:20,MIN,,DAL,,Home,,,,closed,matrixturf,,,DAL00,AT&T Stadium
2025_15_MIA_PIT,2025,REG,15,2025-12-15,Monday,20:15,MIA,,PIT,,Home,,,,outdoors,grass,,,PIT00,Acrisure Stadium
2025_16_LA_SEA,2025,REG,16,2025-12-18,Thursday,20:15,LA,,SEA,,Home,,,,outdoors,fieldturf,,,SEA00,Lumen Field
2025_16_GB_CHI,2025,REG,16,2025-12-19,Friday,13:00,GB,,CHI,,Home,,,,outdoors,grass,,,CHI98,Soldier Field
2025_16_PHI_WAS,2025,REG,16,2025-12-19,Friday,13:00,PHI,,WAS,,Home,,,,outdoors,grass,,,WAS00,FedExField
2025_16_NE_BAL,2025,REG,16,2025-12-21,Sunday,13:00,NE,,BAL,,Home,,,,outdoors,grass,,,BAL00,M&T Bank Stadium
2025_16_TB_CAR,2025,REG,16,2025-12-21,Sunday,13:00,TB,,CAR,,Home,,,,outdoors,grass,,,CAR00,Bank of America Stadium
2025_16_BUF_CLE,2025,REG,16,2025-12-21,Sunday,13:00,BUF,,CLE,,Home,,,,outdoors,grass,,,CLE00,FirstEnergy Stadium
2025_16_LAC_DAL,2025,REG,16,2025-12-21,Sunday,13:00,LAC,,DAL,,Home,,,,closed,matrixturf,,,DAL00,AT&T Stadium
2025_16_NYJ_NO,2025,REG,16,2025-12-21,Sunday,13:00,NYJ,,NO,,Home,,,,dome,sportturf,,,NOR00,Mercedes-Benz Superdome
2025_16_MIN_NYG,2025,REG,16,2025-12-21,Sunday,13:00,MIN,,NYG,,Home,,,,outdoors,fieldturf,,,NYC01,MetLife Stadium
2025_16_KC_TEN,2025,REG,16,2025-12-21,Sunday,13:00,KC,,TEN,,Home,,,,outdoors,grass,,,NAS00,Nissan Stadium
2025_16_ATL_ARI,2025,REG,16,2025-12-21,Sunday,16:05,ATL,,ARI,,Home,,,,closed,grass,,,PHO00,State Farm Stadium
2025_16_JAX_DEN,2025,REG,16,2025-12-21,Sunday,16:05,JAX,,DEN,,Home,,,,outdoors,grass,,,DEN00,Empower Field at Mile High
2025_16_PIT_DET,2025,REG,16,2025-12-21,Sunday,16:25,PIT,,DET,,Home,,,,dome,fieldturf,,,DET00,Ford Field
2025_16_LV_HOU,2025,REG,16,2025-12-21,Sunday,16:25,LV,,HOU,,Home,,,,closed,astroturf,,,HOU00,NRG Stadium
2025_16_CIN_MIA,2025,REG,16,2025-12-21,Sunday,20:20,CIN,,MIA,,Home,,,,outdoors,grass,,,MIA00,Hard Rock Stadium
2025_16_SF_IND,2025,REG,16,2025-12-22,Monday,20:15,SF,,IND,,Home,,,,closed,fieldturf,,,IND00,Lucas Oil Stadium
2025_17_DAL_WAS,2025,REG,17,2025-12-25,Thursday,13:00,DAL,,WAS,,Home,,,,outdoors,grass,,,WAS00,FedExField
2025_17_DET_MIN,2025,REG,17,2025-12-25,Thursday,16:30,DET,,MIN,,Home,,,,dome,sportturf,,,MIN01,U.S. Bank Stadium
2025_17_DEN_KC,2025,REG,17,2025-12-25,Thursday,20:15,DEN,,KC,,Home,,,,outdoors,grass,,,KAN00,GEHA Field at Arrowhead Stadium
2025_17_SEA_CAR,2025,REG,17,2025-12-28,Sunday,13:00,SEA,,CAR,,Home,,,,outdoors,grass,,,CAR00,Bank of America Stadium
2025_17_ARI_CIN,2025,REG,17,2025-12-28,Sunday,13:00,ARI,,CIN,,Home,,,,outdoors,fieldturf,,,CIN00,Paycor Stadium
2025_17_PIT_CLE,2025,REG,17,2025-12-28,Sunday,13:00,PIT,,CLE,,Home,,,,outdoors,grass,,,CLE00,FirstEnergy Stadium
2025_17_BAL_GB,2025,REG,17,2025-12-28,Sunday,13:00,BAL,,GB,,Home,,,,outdoors,grass,,,GNB00,Lambeau Field
2025_17_JAX_IND,2025,REG,17,2025-12-28,Sunday,13:00,JAX,,IND,,Home,,,,closed,fieldturf,,,IND00,Lucas Oil Stadium
2025_17_HOU_LAC,2025,REG,17,2025-12-28,Sunday,13:00,HOU,,LAC,,Home,,,,dome,matrixturf,,,LAX01,SoFi Stadium
2025_17_NYG_LV,2025,REG,17,2025-12-28,Sunday,13:00,NYG,,LV,,Home,,,,dome,grass,,,VEG00,Allegiant Stadium
2025_17_TB_MIA,2025,REG,17,2025-12-28,Sunday,13:00,TB,,MIA,,Home,,,,outdoors,grass,,,MIA00,Hard Rock Stadium
2025_17_NE_NYJ,2025,REG,17,2025-12-28,Sunday,13:00,NE,,NYJ,,Home,,,,outdoors,fieldturf,,,NYC01,MetLife Stadium
2025_17_NO_TEN,2025,REG,17,2025-12-28,Sunday,13:00,NO,,TEN,,Home,,,,outdoors,grass,,,NAS00,Nissan Stadium
2025_17_PHI_BUF,2025,REG,17,2025-12-28,Sunday,16:25,PHI,,BUF,,Home,,,,outdoors,a_turf,,,BUF00,New Era Field
2025_17_CHI_SF,2025,REG,17,2025-12-28,Sunday,20:20,CHI,,SF,,Home,,,,outdoors,grass,,,SFO01,Levi's Stadium
2025_17_LA_ATL,2025,REG,17,2025-12-29,Monday,20:15,LA,,ATL,,Home,,,,closed,fieldturf,,,ATL97,Mercedes-Benz Stadium
2025_18_NO_ATL,2025,REG,18,2026-01-04,Sunday,13:00,NO,,ATL,,Home,,,,closed,fieldturf,,,ATL97,Mercedes-Benz Stadium
2025_18_NYJ_BUF,2025,REG,18,2026-01-04,Sunday,13:00,NYJ,,BUF,,Home,,,,outdoors,a_turf,,,BUF00,New Era Field
2025_18_DET_CHI,2025,REG,18,2026-01-04,Sunday,13:00,DET,,CHI,,Home,,,,outdoors,grass,,,CHI98,Soldier Field
2025_18_CLE_CIN,2025,REG,18,2026-01-04,Sunday,13:00,CLE,,CIN,,Home,,,,outdoors,fieldturf,,,CIN00,Paycor Stadium
2025_18_LAC_DEN,2025,REG,18,2026-01-04,Sunday,13:00,LAC,,DEN,,Home,,,,outdoors,grass,,,DEN00,Empower Field at Mile High
2025_18_IND_HOU,2025,REG,18,2026-01-04,Sunday,13:00,IND,,HOU,,Home,,,,closed,astroturf,,,HOU00,NRG Stadium
2025_18_TEN_JAX,2025,REG,18,2026-01-04,Sunday,13:00,TEN,,JAX,,Home,,,,outdoors,grass,,,JAX00,TIAA Bank Stadium
2025_18_ARI_LA,2025,REG,18,2026-01-04,Sunday,13:00,ARI,,LA,,Home,,,,dome,matrixturf,,,LAX01,SoFi Stadium
2025_18_KC_LV,2025,REG,18,2026-01-04,Sunday,13:00,KC,,LV,,Home,,,,dome,grass,,,VEG00,Allegiant Stadium
2025_18_GB_MIN,2025,REG,18,2026-01-04,Sunday,13:00,GB,,MIN,,Home,,,,dome,sportturf,,,MIN01,U.S. Bank Stadium
2025_18_MIA_NE,2025,REG,18,2026-01-04,Sunday,13:00,MIA,,NE,,Home,,,,outdoors,fieldturf,,,BOS00,Gillette Stadium
2025_18_DAL_NYG,2025,REG,18,2026-01-04,Sunday,13:00,DAL,,NYG,,Home,,,,outdoors,fieldturf,,,NYC01,MetLife Stadium
2025_18_WAS_PHI,2025,REG,18,2026-01-04,Sunday,13:00,WAS,,PHI,,Home,,,,outdoors,grass,,,PHI00,Lincoln Financial Field
2025_18_BAL_PIT,2025,REG,18,2026-01-04,Sunday,13:00,BAL,,PIT,,Home,,,,outdoors,grass,,,PIT00,Acrisure Stadium
2025_18_SEA_SF,2025,REG,18,2026-01-04,Sunday,13:00,SEA,,SF,,Home,,,,outdoors,grass,,,SFO01,Levi's Stadium
2025_18_CAR_TB,2025,REG,18,2026-01-04,Sunday,13:00,CAR,,TB,,Home,,,,outdoors,grass,,,TAM00,Raymond James Stadium
